{"initial_capacity": {"housing": 4000, "shelter": 1500}, "initial_demand": 12000, "service_mean": {"housing": 4.487179487179487, "shelter": 0.0}, "arrival_rates": [10.01518590998043, 11.923350293542077, 13.08718590998043, 13.08718590998043, 11.815185909980432, 10.663185909980431], "solution": {"housing": [4000, 5400.0, 7920.0, 10720.0, 14710.0, 18000.0], "shelter": [1500, 2500, 3200, 3200, 3200, 3200]}}